<?xml version="1.0" encoding="UTF-8"?>
<!--

    Copyright (c) "Neo4j"
    Neo4j Sweden AB [https://neo4j.com]
    This file is a commercial add-on to Neo4j Enterprise Edition.

-->
<!--
    This is a log4j 2 configuration file.

    Please keep the original "debug.log" as is, to make sure enough data is captured in of case errors
    in a format that neo4j support engineers and developers can work with. Changing the "debug.log" format
    can interfere with neo4j's ability to offer customer support and invalidate your support warranty.

    If you require the "debug.log" messages in a different format you can copy the Appender and change the
    filename. See Neo4j documentation.

    All configuration values can be queried with the lookup prefix "config:". You can for example, resolve
    the path to your neo4j home directory with ${config:dbms.directories.neo4j_home}.

    Please consult https://logging.apache.org/log4j/2.x/manual/configuration.html for instructions and
    available configuration options.
-->
<Configuration status="ERROR" monitorInterval="30" packages="org.neo4j.logging.log4j">
    <Appenders>
        <!-- Neo4j debug.log, do not change. Required by Neo4j customer support. -->
        <RollingRandomAccessFile name="DebugLog" fileName="${config:server.directories.logs}/debug.log"
                                 filePattern="$${config:server.directories.logs}/debug.log.%02i">
            <!-- JSON format -->
            <JsonTemplateLayout eventTemplateUri="classpath:org/neo4j/logging/StructuredLayoutWithMessage.json"/>

            <!-- Text format -->
            <!-- <Neo4jDebugLogLayout pattern="%d{yyyy-MM-dd HH:mm:ss.SSSZ}{GMT+0} %-5p [%c{1.}] %m%n"/> -->

            <Policies>
                <SizeBasedTriggeringPolicy size="20 MB"/>
            </Policies>
            <DefaultRolloverStrategy fileIndex="min" max="7"/>
        </RollingRandomAccessFile>

        <RollingRandomAccessFile name="HttpLog" fileName="${config:server.directories.logs}/http.log"
                                 filePattern="$${config:server.directories.logs}/http.log.%02i">
            <PatternLayout pattern="%d{yyyy-MM-dd HH:mm:ss.SSSZ}{GMT+0} %-5p %m%n"/>
            <Policies>
                <SizeBasedTriggeringPolicy size="20 MB"/>
            </Policies>
            <DefaultRolloverStrategy fileIndex="min" max="5"/>
        </RollingRandomAccessFile>

        <RollingRandomAccessFile name="QueryLog" fileName="${config:server.directories.logs}/query.log"
                                 filePattern="$${config:server.directories.logs}/query.log.%02i">
            <PatternLayout pattern="%d{yyyy-MM-dd HH:mm:ss.SSSZ}{GMT+0} %-5p %m%n"/>
            <Policies>
                <SizeBasedTriggeringPolicy size="20 MB"/>
            </Policies>
            <DefaultRolloverStrategy fileIndex="min" max="7"/>
        </RollingRandomAccessFile>

        <RollingRandomAccessFile name="SecurityLog" fileName="${config:server.directories.logs}/security.log"
                                 filePattern="$${config:server.directories.logs}/security.log.%02i">
            <PatternLayout pattern="%d{yyyy-MM-dd HH:mm:ss.SSSZ}{GMT+0} %-5p %m%n"/>
            <Policies>
                <SizeBasedTriggeringPolicy size="20 MB"/>
            </Policies>
            <DefaultRolloverStrategy fileIndex="min" max="7"/>
        </RollingRandomAccessFile>
    </Appenders>

    <Loggers>
        <!-- Log levels. One of DEBUG, INFO, WARN, ERROR or OFF -->

        <!-- The debug log is used as the root logger to catch everything -->
        <Root level="INFO">
            <AppenderRef ref="DebugLog"/> <!-- Keep this -->
        </Root>

        <!-- The query log, must be named "QueryLogger" -->
        <Logger name="QueryLogger" level="INFO" additivity="false">
            <AppenderRef ref="QueryLog"/>
        </Logger>

        <!-- The http request log, must be named "HttpLogger" -->
        <Logger name="HttpLogger" level="INFO" additivity="false">
            <AppenderRef ref="HttpLog"/>
        </Logger>

        <!-- The security log, must be named "SecurityLogger" -->
        <Logger name="SecurityLogger" level="INFO" additivity="false">
            <AppenderRef ref="SecurityLog"/>
        </Logger>
    </Loggers>
</Configuration>
