<?xml version="1.0" encoding="UTF-8"?>
<!--

    Copyright (c) "Neo4j"
    Neo4j Sweden AB [https://neo4j.com]
    This file is a commercial add-on to Neo4j Enterprise Edition.

-->
<!--
    This is a log4j 2 configuration file that provides maximum flexibility.

    All configuration values can be queried with the lookup prefix "config:". You can for example, resolve
    the path to your neo4j home directory with ${config:dbms.directories.neo4j_home}.

    Please consult https://logging.apache.org/log4j/2.x/manual/configuration.html for instructions and
    available configuration options.
-->
<Configuration status="ERROR" monitorInterval="30" packages="org.neo4j.logging.log4j">

    <Appenders>
        <RollingRandomAccessFile name="Neo4jLog" fileName="${config:server.directories.logs}/neo4j.log"
                                 filePattern="$${config:server.directories.logs}/neo4j.log.%02i">
            <PatternLayout pattern="%d{yyyy-MM-dd HH:mm:ss.SSSZ}{GMT+0} %-5p %m%n"/>
            <Policies>
                <SizeBasedTriggeringPolicy size="20 MB"/>
            </Policies>
            <DefaultRolloverStrategy fileIndex="min" max="7"/>
        </RollingRandomAccessFile>

        <!-- Only used by "neo4j console", will be ignored otherwise -->
        <Console name="ConsoleAppender" target="SYSTEM_OUT">
            <PatternLayout pattern="%d{yyyy-MM-dd HH:mm:ss.SSSZ}{GMT+0} %-5p %m%n"/>
        </Console>
    </Appenders>

    <Loggers>
        <!-- Log level for the neo4j log. One of DEBUG, INFO, WARN, ERROR or OFF -->
        <Root level="INFO">
            <AppenderRef ref="Neo4jLog"/>
            <AppenderRef ref="ConsoleAppender"/>
        </Root>
    </Loggers>

</Configuration>
